,E,z_PS,z_SS
0,0.83(22),0.0(3.3)e-08,0.000012(12)
1,1.28(32),0.0(3.3)e-08,0.000012(12)
2,1.45(32),0.0(3.3)e-08,0.000012(12)
3,1.55(32),0.0(3.3)e-08,0.000012(12)
4,,,
5,,,
6,,,
7,,,
8,,,
9,,,
10,,,
11,,,
12,,,
13,,,
14,,,
15,,,
