,piplus_E,piplus_z_PS,piplus_z_SS
0,0.2(10),0.125(1.5),0.00470(.50)
1,0.25(10),0.125(1.5),0.00470(.50)
2,0.3(10),0.125(1.5),0.00470(.50)
3,0.4(10),0.125(1.5),0.00470(.50)
4,,,
5,,,
6,,,
7,,,
8,,,
9,,,
10,,,
11,,,
12,,,
13,,,
14,,,
15,,,
